"ID","CONTENT","FORMAT","RC","DOK","STRATUM"
"ITEM1","BIO","RS","SIN",2,2
"ITEM2","CHE","RS","SIN",1,1
"ITEM3","CHE","CV","EMI",2,2
"ITEM4","BIO","DR","IOD",2,1
"ITEM5","BIO","RS","IOD",2,2
"ITEM6","ESS","DR","EMI",2,1
"ITEM7","PHY","DR","EMI",2,2
"ITEM8","PHY","DR","IOD",2,1
"ITEM9","CHE","DR","IOD",2,1
"ITEM10","BIO","CV","EMI",1,1
"ITEM11","ESS","RS","SIN",1,2
"ITEM12","BIO","RS","SIN",2,1
"ITEM13","CHE","DR","IOD",2,2
"ITEM14","BIO","DR","IOD",2,2
"ITEM15","ESS","DR","IOD",2,2
"ITEM16","ESS","CV","EMI",1,2
"ITEM17","BIO","CV","EMI",2,1
"ITEM18","ESS","RS","SIN",1,2
"ITEM19","ESS","DR","EMI",2,2
"ITEM20","BIO","RS","IOD",3,2
"ITEM21","BIO","CV","EMI",2,2
"ITEM22","BIO","DR","IOD",2,2
"ITEM23","PHY","DR","IOD",2,2
"ITEM24","PHY","DR","IOD",2,2
"ITEM25","PHY","RS","SIN",3,1
"ITEM26","CHE","DR","IOD",2,1
"ITEM27","ESS","RS","SIN",2,1
"ITEM28","BIO","DR","EMI",2,1
"ITEM29","CHE","DR","IOD",2,1
"ITEM30","CHE","CV","EMI",2,1
"ITEM31","CHE","DR","IOD",3,1
"ITEM32","BIO","DR","IOD",2,2
"ITEM33","CHE","DR","EMI",2,1
"ITEM34","BIO","RS","EMI",2,2
"ITEM35","CHE","DR","IOD",3,1
"ITEM36","ESS","RS","IOD",2,2
"ITEM37","ESS","RS","SIN",2,2
"ITEM38","CHE","DR","EMI",3,1
"ITEM39","BIO","RS","IOD",2,1
"ITEM40","ESS","RS","IOD",2,2
"ITEM41","BIO","DR","IOD",3,1
"ITEM42","BIO","CV","EMI",3,2
"ITEM43","PHY","CV","EMI",2,2
"ITEM44","CHE","DR","IOD",2,2
"ITEM45","ESS","RS","IOD",3,1
"ITEM46","BIO","DR","EMI",2,2
"ITEM47","BIO","CV","EMI",2,2
"ITEM48","BIO","CV","EMI",2,1
"ITEM49","CHE","RS","IOD",2,2
"ITEM50","BIO","DR","IOD",2,2
"ITEM51","PHY","RS","EMI",2,2
"ITEM52","BIO","DR","IOD",1,2
"ITEM53","BIO","CV","EMI",3,1
"ITEM54","PHY","DR","IOD",2,1
"ITEM55","PHY","RS","SIN",2,2
"ITEM56","CHE","DR","IOD",2,1
"ITEM57","ESS","CV","EMI",3,2
"ITEM58","PHY","DR","IOD",2,1
"ITEM59","CHE","RS","SIN",2,1
"ITEM60","PHY","RS","SIN",2,1
"ITEM61","BIO","RS","EMI",2,2
"ITEM62","PHY","DR","IOD",2,1
"ITEM63","ESS","RS","EMI",2,2
"ITEM64","BIO","DR","IOD",2,2
"ITEM65","ESS","RS","IOD",2,1
"ITEM66","PHY","CV","EMI",2,2
"ITEM67","BIO","DR","IOD",2,1
"ITEM68","BIO","DR","IOD",2,1
"ITEM69","CHE","RS","IOD",2,1
"ITEM70","BIO","RS","IOD",2,2
"ITEM71","BIO","RS","SIN",2,2
"ITEM72","BIO","RS","SIN",2,1
"ITEM73","ESS","RS","IOD",1,2
"ITEM74","CHE","DR","IOD",3,1
"ITEM75","BIO","DR","IOD",2,2
"ITEM76","ESS","RS","EMI",2,2
"ITEM77","BIO","RS","IOD",2,1
"ITEM78","ESS","RS","SIN",2,1
"ITEM79","CHE","RS","SIN",2,1
"ITEM80","CHE","DR","IOD",1,1
"ITEM81","PHY","DR","SIN",2,2
"ITEM82","ESS","DR","IOD",2,1
"ITEM83","PHY","RS","SIN",2,1
"ITEM84","BIO","DR","IOD",2,2
"ITEM85","ESS","RS","SIN",2,2
"ITEM86","CHE","DR","IOD",2,1
"ITEM87","PHY","RS","SIN",2,2
"ITEM88","BIO","RS","IOD",2,1
"ITEM89","ESS","RS","SIN",2,2
"ITEM90","CHE","DR","IOD",2,1
"ITEM91","PHY","CV","EMI",2,1
"ITEM92","PHY","DR","SIN",2,2
"ITEM93","PHY","RS","SIN",2,2
"ITEM94","PHY","RS","SIN",2,1
"ITEM95","ESS","DR","IOD",2,1
"ITEM96","BIO","CV","EMI",2,2
"ITEM97","CHE","RS","SIN",2,2
"ITEM98","BIO","RS","SIN",3,1
"ITEM99","BIO","DR","SIN",3,1
"ITEM100","CHE","RS","IOD",2,1
"ITEM101","PHY","DR","EMI",2,2
"ITEM102","ESS","RS","EMI",2,2
"ITEM103","BIO","DR","EMI",2,1
"ITEM104","CHE","CV","EMI",2,1
"ITEM105","ESS","CV","EMI",2,2
"ITEM106","BIO","CV","EMI",2,2
"ITEM107","PHY","DR","IOD",2,2
"ITEM108","BIO","RS","SIN",2,1
"ITEM109","ESS","DR","IOD",2,2
"ITEM110","BIO","RS","IOD",2,1
"ITEM111","BIO","DR","SIN",2,1
"ITEM112","CHE","RS","EMI",2,1
"ITEM113","CHE","RS","SIN",2,1
"ITEM114","BIO","RS","SIN",2,2
"ITEM115","ESS","DR","IOD",2,2
"ITEM116","CHE","RS","SIN",2,2
"ITEM117","BIO","DR","IOD",2,2
"ITEM118","BIO","DR","EMI",2,2
"ITEM119","BIO","DR","IOD",2,1
"ITEM120","CHE","CV","SIN",2,1
"ITEM121","PHY","CV","IOD",2,2
"ITEM122","BIO","CV","EMI",1,2
"ITEM123","BIO","RS","EMI",3,1
"ITEM124","BIO","RS","IOD",2,2
"ITEM125","CHE","CV","EMI",1,2
"ITEM126","BIO","RS","IOD",2,2
"ITEM127","BIO","DR","IOD",2,2
"ITEM128","CHE","RS","EMI",2,2
"ITEM129","ESS","RS","SIN",2,2
"ITEM130","CHE","DR","IOD",2,1
"ITEM131","ESS","CV","EMI",2,2
"ITEM132","ESS","RS","IOD",2,1
"ITEM133","CHE","DR","IOD",2,2
"ITEM134","BIO","RS","EMI",2,2
"ITEM135","BIO","RS","EMI",2,1
"ITEM136","CHE","DR","IOD",2,1
"ITEM137","BIO","RS","EMI",2,1
"ITEM138","BIO","RS","IOD",2,2
"ITEM139","PHY","DR","EMI",3,1
"ITEM140","ESS","RS","SIN",2,1
"ITEM141","BIO","RS","SIN",2,2
"ITEM142","BIO","RS","SIN",2,2
"ITEM143","PHY","CV","EMI",2,2
"ITEM144","CHE","RS","SIN",2,1
"ITEM145","PHY","RS","SIN",2,1
"ITEM146","PHY","DR","IOD",2,2
"ITEM147","BIO","RS","IOD",2,2
"ITEM148","CHE","RS","SIN",2,2
"ITEM149","BIO","RS","EMI",2,2
"ITEM150","ESS","RS","IOD",1,2
"ITEM151","CHE","RS","SIN",2,1
"ITEM152","PHY","DR","IOD",2,2
"ITEM153","CHE","CV","IOD",2,1
"ITEM154","PHY","CV","EMI",2,2
"ITEM155","BIO","RS","SIN",2,2
"ITEM156","PHY","CV","EMI",3,2
"ITEM157","BIO","DR","IOD",1,2
"ITEM158","CHE","RS","SIN",2,1
"ITEM159","PHY","CV","EMI",3,1
"ITEM160","CHE","CV","EMI",2,1
"ITEM161","BIO","DR","IOD",2,1
"ITEM162","PHY","RS","SIN",2,2
"ITEM163","BIO","DR","SIN",2,2
"ITEM164","PHY","CV","EMI",2,2
"ITEM165","BIO","RS","IOD",2,2
"ITEM166","CHE","CV","EMI",2,1
"ITEM167","BIO","RS","IOD",2,1
"ITEM168","ESS","RS","SIN",2,2
"ITEM169","BIO","RS","EMI",2,2
"ITEM170","PHY","RS","SIN",3,2
"ITEM171","CHE","RS","SIN",2,1
"ITEM172","ESS","RS","SIN",2,2
"ITEM173","ESS","DR","EMI",2,1
"ITEM174","BIO","DR","EMI",2,1
"ITEM175","PHY","CV","EMI",2,1
"ITEM176","CHE","CV","EMI",2,1
"ITEM177","ESS","DR","IOD",3,1
"ITEM178","ESS","RS","SIN",2,2
"ITEM179","BIO","DR","IOD",1,2
"ITEM180","CHE","DR","IOD",2,1
"ITEM181","CHE","DR","EMI",2,2
"ITEM182","ESS","RS","SIN",2,1
"ITEM183","ESS","DR","EMI",2,1
"ITEM184","BIO","RS","EMI",3,1
"ITEM185","BIO","DR","IOD",2,1
"ITEM186","BIO","DR","IOD",2,1
"ITEM187","BIO","CV","EMI",2,2
"ITEM188","ESS","DR","IOD",2,1
"ITEM189","CHE","RS","EMI",2,1
"ITEM190","PHY","RS","SIN",2,1
"ITEM191","CHE","DR","EMI",2,1
"ITEM192","PHY","DR","IOD",3,2
"ITEM193","BIO","RS","EMI",2,1
"ITEM194","PHY","CV","EMI",2,1
"ITEM195","ESS","RS","SIN",2,2
"ITEM196","PHY","RS","IOD",1,1
"ITEM197","ESS","DR","IOD",2,2
"ITEM198","PHY","RS","IOD",2,1
"ITEM199","ESS","RS","SIN",2,2
"ITEM200","PHY","RS","SIN",2,1
"ITEM201","BIO","DR","IOD",2,1
"ITEM202","ESS","RS","IOD",1,1
"ITEM203","PHY","DR","IOD",2,1
"ITEM204","ESS","DR","EMI",2,1
"ITEM205","ESS","RS","EMI",3,2
"ITEM206","CHE","RS","SIN",2,2
"ITEM207","PHY","RS","SIN",2,2
"ITEM208","ESS","DR","EMI",3,1
"ITEM209","BIO","CV","EMI",2,2
"ITEM210","BIO","RS","SIN",2,1
"ITEM211","BIO","RS","IOD",2,2
"ITEM212","BIO","RS","IOD",2,1
"ITEM213","PHY","RS","IOD",2,2
"ITEM214","CHE","RS","SIN",2,2
"ITEM215","BIO","DR","SIN",2,1
"ITEM216","ESS","DR","IOD",2,2
"ITEM217","PHY","DR","IOD",2,1
"ITEM218","BIO","RS","SIN",2,2
"ITEM219","PHY","DR","EMI",2,1
"ITEM220","CHE","RS","EMI",3,1
"ITEM221","BIO","DR","SIN",2,1
"ITEM222","CHE","RS","EMI",2,1
"ITEM223","CHE","RS","SIN",3,1
"ITEM224","CHE","RS","SIN",2,1
"ITEM225","BIO","RS","IOD",3,1
"ITEM226","ESS","RS","SIN",2,2
"ITEM227","BIO","RS","SIN",2,2
"ITEM228","ESS","RS","SIN",2,1
"ITEM229","CHE","DR","EMI",1,2
"ITEM230","CHE","CV","EMI",2,2
"ITEM231","BIO","RS","IOD",1,1
"ITEM232","BIO","DR","IOD",2,2
"ITEM233","ESS","RS","EMI",2,1
"ITEM234","CHE","RS","SIN",1,1
"ITEM235","CHE","CV","EMI",2,1
"ITEM236","PHY","RS","SIN",2,2
"ITEM237","PHY","DR","IOD",2,2
"ITEM238","CHE","CV","EMI",2,1
"ITEM239","ESS","DR","IOD",2,1
"ITEM240","BIO","CV","EMI",2,2
"ITEM241","ESS","DR","IOD",2,2
"ITEM242","CHE","RS","SIN",2,1
"ITEM243","CHE","RS","SIN",2,2
"ITEM244","BIO","CV","EMI",2,2
"ITEM245","BIO","DR","IOD",2,2
"ITEM246","BIO","RS","EMI",2,1
"ITEM247","BIO","RS","SIN",3,1
"ITEM248","CHE","CV","EMI",2,2
"ITEM249","BIO","RS","IOD",2,1
"ITEM250","BIO","DR","EMI",2,2
"ITEM251","PHY","DR","IOD",2,2
"ITEM252","CHE","RS","IOD",2,2
"ITEM253","BIO","DR","IOD",2,1
"ITEM254","BIO","DR","IOD",2,1
"ITEM255","PHY","RS","IOD",3,1
"ITEM256","PHY","RS","SIN",3,2
"ITEM257","PHY","DR","IOD",2,1
"ITEM258","CHE","CV","EMI",2,2
"ITEM259","ESS","RS","EMI",2,2
"ITEM260","BIO","CV","EMI",1,2
"ITEM261","ESS","RS","EMI",2,2
"ITEM262","ESS","DR","IOD",1,1
"ITEM263","BIO","DR","EMI",2,1
"ITEM264","CHE","DR","EMI",2,2
"ITEM265","CHE","RS","EMI",2,2
"ITEM266","BIO","DR","IOD",2,1
"ITEM267","ESS","CV","EMI",2,1
"ITEM268","ESS","RS","SIN",2,1
"ITEM269","BIO","RS","EMI",2,2
"ITEM270","CHE","RS","IOD",2,2
"ITEM271","CHE","DR","SIN",2,1
"ITEM272","PHY","DR","IOD",2,1
"ITEM273","BIO","DR","IOD",2,2
"ITEM274","CHE","RS","SIN",2,2
"ITEM275","CHE","RS","SIN",3,2
"ITEM276","ESS","CV","EMI",2,1
"ITEM277","CHE","RS","SIN",2,1
"ITEM278","CHE","RS","EMI",2,1
"ITEM279","BIO","RS","SIN",2,2
"ITEM280","CHE","DR","EMI",2,2
"ITEM281","BIO","RS","IOD",2,2
"ITEM282","CHE","DR","IOD",3,2
"ITEM283","PHY","DR","IOD",3,1
"ITEM284","CHE","RS","EMI",2,2
"ITEM285","BIO","DR","EMI",2,1
"ITEM286","BIO","RS","SIN",2,1
"ITEM287","PHY","DR","IOD",2,1
"ITEM288","CHE","RS","EMI",2,1
"ITEM289","BIO","CV","EMI",2,1
"ITEM290","BIO","RS","EMI",2,2
"ITEM291","PHY","RS","SIN",3,1
"ITEM292","BIO","RS","EMI",2,1
"ITEM293","PHY","RS","SIN",2,2
"ITEM294","BIO","DR","IOD",2,2
"ITEM295","CHE","RS","IOD",2,1
"ITEM296","ESS","DR","IOD",2,2
"ITEM297","BIO","RS","IOD",2,2
"ITEM298","CHE","RS","SIN",2,2
"ITEM299","CHE","RS","IOD",2,1
"ITEM300","CHE","DR","IOD",2,1
"ITEM301","BIO","RS","IOD",2,2
"ITEM302","BIO","RS","EMI",3,1
"ITEM303","ESS","RS","SIN",2,1
"ITEM304","PHY","RS","SIN",2,1
"ITEM305","PHY","DR","IOD",2,1
"ITEM306","BIO","RS","SIN",2,2
"ITEM307","CHE","RS","EMI",3,1
"ITEM308","CHE","CV","EMI",2,1
"ITEM309","PHY","CV","EMI",1,2
"ITEM310","ESS","CV","EMI",2,1
"ITEM311","CHE","RS","IOD",1,2
"ITEM312","CHE","CV","EMI",2,1
"ITEM313","CHE","CV","EMI",2,2
"ITEM314","BIO","CV","EMI",2,1
"ITEM315","ESS","DR","EMI",2,2
"ITEM316","BIO","RS","SIN",2,1
"ITEM317","CHE","RS","SIN",2,2
"ITEM318","CHE","RS","SIN",1,2
"ITEM319","PHY","CV","EMI",3,2
"ITEM320","CHE","RS","SIN",2,2
"ITEM321","CHE","CV","EMI",2,1
"ITEM322","BIO","RS","IOD",2,1
"ITEM323","ESS","RS","IOD",1,1
"ITEM324","ESS","RS","IOD",2,2
"ITEM325","ESS","RS","IOD",2,2
"ITEM326","CHE","DR","EMI",2,2
"ITEM327","ESS","RS","SIN",1,1
"ITEM328","BIO","CV","EMI",2,1
"ITEM329","BIO","CV","EMI",3,1
"ITEM330","CHE","RS","SIN",3,1
"ITEM331","ESS","DR","IOD",2,2
"ITEM332","BIO","DR","EMI",3,1
"ITEM333","CHE","RS","SIN",3,1
"ITEM334","PHY","CV","EMI",2,2
"ITEM335","ESS","DR","EMI",2,2
"ITEM336","CHE","CV","EMI",2,1
"ITEM337","CHE","DR","IOD",2,2
"ITEM338","CHE","DR","IOD",2,1
"ITEM339","CHE","DR","IOD",2,2
"ITEM340","ESS","CV","EMI",2,1
"ITEM341","ESS","RS","SIN",2,2
"ITEM342","ESS","CV","EMI",2,2
"ITEM343","PHY","CV","EMI",2,2
"ITEM344","CHE","DR","IOD",2,2
"ITEM345","PHY","RS","SIN",2,2
"ITEM346","PHY","RS","IOD",2,2
"ITEM347","PHY","RS","SIN",2,1
"ITEM348","BIO","RS","SIN",2,1
"ITEM349","PHY","DR","IOD",2,2
"ITEM350","PHY","DR","IOD",3,1
"ITEM351","BIO","DR","SIN",3,1
"ITEM352","CHE","DR","IOD",1,1
"ITEM353","PHY","RS","IOD",2,2
"ITEM354","CHE","RS","IOD",2,2
"ITEM355","CHE","RS","SIN",2,1
"ITEM356","PHY","RS","SIN",2,2
"ITEM357","PHY","DR","EMI",3,1
"ITEM358","PHY","RS","SIN",2,1
"ITEM359","PHY","RS","IOD",1,2
"ITEM360","PHY","RS","SIN",2,2
"ITEM361","CHE","CV","SIN",2,1
"ITEM362","PHY","RS","EMI",3,2
"ITEM363","CHE","RS","SIN",2,2
"ITEM364","BIO","CV","EMI",2,1
"ITEM365","BIO","CV","EMI",2,1
"ITEM366","PHY","RS","SIN",2,2
"ITEM367","CHE","CV","EMI",2,2
"ITEM368","ESS","RS","IOD",3,2
"ITEM369","PHY","RS","SIN",2,1
"ITEM370","ESS","RS","IOD",2,2
"ITEM371","BIO","CV","EMI",2,2
"ITEM372","PHY","RS","SIN",2,1
"ITEM373","CHE","CV","EMI",2,2
"ITEM374","PHY","RS","SIN",2,1
"ITEM375","PHY","RS","IOD",2,2
"ITEM376","BIO","RS","SIN",2,1
"ITEM377","CHE","RS","IOD",2,2
"ITEM378","ESS","CV","EMI",2,2
"ITEM379","PHY","RS","IOD",2,2
"ITEM380","BIO","DR","IOD",2,2
"ITEM381","CHE","RS","EMI",2,1
"ITEM382","BIO","RS","IOD",2,2
"ITEM383","CHE","RS","SIN",2,1
"ITEM384","CHE","DR","IOD",2,1
"ITEM385","ESS","RS","IOD",2,1
"ITEM386","CHE","CV","EMI",2,1
"ITEM387","CHE","DR","IOD",2,1
"ITEM388","PHY","RS","SIN",2,2
"ITEM389","BIO","RS","IOD",2,1
"ITEM390","BIO","CV","EMI",1,2
"ITEM391","BIO","RS","IOD",2,2
"ITEM392","ESS","RS","IOD",2,1
"ITEM393","CHE","RS","SIN",2,2
"ITEM394","PHY","CV","EMI",2,1
"ITEM395","PHY","DR","IOD",2,1
"ITEM396","BIO","DR","EMI",3,2
"ITEM397","BIO","RS","IOD",2,1
"ITEM398","CHE","DR","IOD",2,2
"ITEM399","ESS","CV","EMI",2,1
"ITEM400","CHE","DR","IOD",2,2
"ITEM401","PHY","RS","SIN",2,1
"ITEM402","ESS","DR","EMI",2,1
"ITEM403","ESS","RS","IOD",1,2
"ITEM404","PHY","DR","IOD",2,2
"ITEM405","CHE","RS","EMI",2,2
"ITEM406","PHY","RS","IOD",2,2
"ITEM407","BIO","CV","EMI",2,2
"ITEM408","PHY","CV","EMI",2,1
"ITEM409","PHY","RS","SIN",2,2
"ITEM410","PHY","RS","IOD",3,2
"ITEM411","PHY","CV","EMI",2,1
"ITEM412","ESS","DR","IOD",2,2
"ITEM413","BIO","CV","EMI",2,1
"ITEM414","CHE","DR","IOD",2,1
"ITEM415","PHY","DR","IOD",2,2
"ITEM416","BIO","RS","SIN",2,1
"ITEM417","PHY","RS","SIN",2,1
"ITEM418","BIO","DR","IOD",2,1
"ITEM419","ESS","RS","SIN",2,1
"ITEM420","ESS","RS","SIN",2,2
"ITEM421","BIO","RS","IOD",2,1
"ITEM422","CHE","DR","IOD",3,1
"ITEM423","PHY","CV","EMI",3,2
"ITEM424","ESS","RS","EMI",2,1
"ITEM425","ESS","DR","IOD",2,2
"ITEM426","CHE","RS","SIN",3,1
"ITEM427","BIO","RS","EMI",2,1
"ITEM428","PHY","CV","EMI",3,1
"ITEM429","PHY","DR","IOD",2,2
"ITEM430","PHY","DR","IOD",2,1
"ITEM431","ESS","CV","IOD",1,2
"ITEM432","PHY","RS","SIN",2,1
"ITEM433","PHY","DR","IOD",2,2
"ITEM434","CHE","RS","SIN",2,2
"ITEM435","CHE","CV","EMI",1,1
"ITEM436","ESS","RS","IOD",2,1
"ITEM437","BIO","RS","SIN",2,1
"ITEM438","BIO","RS","SIN",2,1
"ITEM439","CHE","DR","IOD",1,1
"ITEM440","ESS","RS","IOD",2,2
"ITEM441","BIO","DR","IOD",2,2
"ITEM442","ESS","DR","IOD",2,2
"ITEM443","CHE","RS","IOD",2,1
"ITEM444","BIO","RS","IOD",2,2
"ITEM445","ESS","RS","SIN",2,1
"ITEM446","CHE","DR","IOD",2,1
"ITEM447","CHE","RS","IOD",1,1
"ITEM448","BIO","RS","IOD",2,2
"ITEM449","BIO","DR","IOD",1,2
"ITEM450","BIO","RS","SIN",2,2
"ITEM451","BIO","DR","IOD",2,2
"ITEM452","CHE","DR","EMI",2,2
"ITEM453","PHY","RS","SIN",2,2
"ITEM454","ESS","DR","IOD",2,2
"ITEM455","CHE","RS","SIN",2,2
"ITEM456","ESS","DR","IOD",3,1
"ITEM457","CHE","DR","EMI",2,2
"ITEM458","BIO","DR","IOD",2,1
"ITEM459","PHY","CV","EMI",2,2
"ITEM460","CHE","RS","SIN",3,2
"ITEM461","ESS","DR","IOD",2,1
"ITEM462","PHY","DR","IOD",3,1
"ITEM463","CHE","CV","EMI",2,2
"ITEM464","BIO","DR","IOD",2,2
"ITEM465","ESS","DR","IOD",2,1
"ITEM466","PHY","DR","EMI",2,1
"ITEM467","BIO","RS","IOD",2,2
"ITEM468","CHE","DR","EMI",2,1
"ITEM469","BIO","RS","EMI",2,2
"ITEM470","PHY","RS","SIN",2,2
"ITEM471","CHE","RS","IOD",3,2
"ITEM472","ESS","RS","EMI",2,1
"ITEM473","PHY","CV","EMI",2,2
"ITEM474","ESS","DR","EMI",2,2
"ITEM475","CHE","DR","IOD",2,1
"ITEM476","BIO","RS","IOD",2,2
"ITEM477","PHY","DR","IOD",3,2
"ITEM478","ESS","RS","SIN",2,2
"ITEM479","CHE","DR","IOD",2,2
"ITEM480","CHE","DR","EMI",3,1
"ITEM481","ESS","DR","IOD",2,2
"ITEM482","PHY","DR","IOD",3,2
"ITEM483","PHY","CV","EMI",2,2
"ITEM484","CHE","DR","IOD",2,2
"ITEM485","CHE","RS","SIN",2,1
"ITEM486","CHE","DR","IOD",2,2
"ITEM487","BIO","DR","IOD",2,2
"ITEM488","BIO","DR","IOD",2,2
"ITEM489","CHE","CV","EMI",2,2
"ITEM490","PHY","DR","IOD",1,1
"ITEM491","PHY","DR","IOD",2,1
"ITEM492","ESS","RS","IOD",2,2
"ITEM493","ESS","RS","EMI",2,1
"ITEM494","PHY","DR","IOD",2,2
"ITEM495","BIO","DR","IOD",2,2
"ITEM496","BIO","DR","IOD",2,2
"ITEM497","BIO","RS","IOD",2,2
"ITEM498","BIO","DR","SIN",1,1
"ITEM499","BIO","DR","IOD",2,1
"ITEM500","ESS","RS","SIN",2,2
"ITEM501","PHY","DR","IOD",2,2
"ITEM502","BIO","DR","SIN",2,2
"ITEM503","BIO","DR","IOD",2,2
"ITEM504","PHY","DR","IOD",1,1
"ITEM505","PHY","RS","SIN",2,2
"ITEM506","BIO","RS","EMI",2,2
"ITEM507","PHY","CV","EMI",2,1
"ITEM508","ESS","CV","IOD",2,2
"ITEM509","BIO","CV","EMI",2,2
"ITEM510","BIO","CV","EMI",3,2
"ITEM511","CHE","DR","IOD",2,1
"ITEM512","PHY","DR","EMI",2,1
"ITEM513","ESS","RS","IOD",1,1
"ITEM514","CHE","DR","IOD",1,2
"ITEM515","BIO","CV","EMI",1,2
"ITEM516","CHE","RS","IOD",2,1
"ITEM517","CHE","DR","IOD",2,2
"ITEM518","PHY","RS","SIN",2,2
"ITEM519","PHY","DR","IOD",2,2
"ITEM520","BIO","CV","EMI",2,2
"ITEM521","PHY","RS","SIN",2,2
"ITEM522","ESS","RS","EMI",2,2
"ITEM523","PHY","DR","SIN",2,1
"ITEM524","BIO","DR","IOD",2,1
"ITEM525","ESS","RS","EMI",2,1
"ITEM526","PHY","DR","IOD",3,1
"ITEM527","CHE","CV","EMI",2,2
"ITEM528","PHY","RS","IOD",2,1
"ITEM529","ESS","DR","IOD",2,2
"ITEM530","PHY","CV","EMI",2,2
"ITEM531","ESS","DR","IOD",2,2
"ITEM532","CHE","RS","EMI",2,2
"ITEM533","PHY","DR","EMI",2,1
"ITEM534","ESS","DR","EMI",3,2
"ITEM535","ESS","CV","EMI",3,2
"ITEM536","BIO","RS","IOD",2,1
"ITEM537","BIO","RS","EMI",2,2
"ITEM538","PHY","RS","SIN",2,2
"ITEM539","ESS","DR","EMI",3,2
"ITEM540","CHE","RS","SIN",1,2
"ITEM541","ESS","RS","IOD",2,1
"ITEM542","PHY","RS","EMI",2,2
"ITEM543","PHY","DR","IOD",2,1
"ITEM544","BIO","DR","IOD",2,2
"ITEM545","BIO","DR","IOD",2,1
"ITEM546","CHE","CV","IOD",2,2
"ITEM547","ESS","RS","SIN",2,2
"ITEM548","BIO","RS","SIN",1,1
"ITEM549","BIO","CV","EMI",1,2
"ITEM550","PHY","DR","IOD",3,1
"ITEM551","BIO","DR","EMI",3,1
"ITEM552","ESS","DR","IOD",2,2
"ITEM553","PHY","RS","IOD",2,1
"ITEM554","CHE","RS","IOD",3,2
"ITEM555","PHY","DR","IOD",2,2
"ITEM556","PHY","RS","SIN",2,2
"ITEM557","BIO","RS","EMI",2,1
"ITEM558","PHY","RS","SIN",2,1
"ITEM559","CHE","DR","IOD",2,1
"ITEM560","PHY","RS","EMI",3,1
"ITEM561","BIO","DR","IOD",2,2
"ITEM562","PHY","CV","IOD",2,1
"ITEM563","BIO","DR","SIN",3,1
"ITEM564","ESS","RS","IOD",1,2
"ITEM565","BIO","RS","IOD",2,2
"ITEM566","CHE","RS","SIN",2,1
"ITEM567","ESS","RS","SIN",2,1
"ITEM568","CHE","DR","IOD",2,1
"ITEM569","BIO","RS","SIN",2,1
"ITEM570","CHE","CV","EMI",2,2
"ITEM571","ESS","RS","SIN",2,2
"ITEM572","CHE","DR","IOD",3,1
"ITEM573","PHY","CV","EMI",2,1
"ITEM574","PHY","RS","SIN",2,1
"ITEM575","BIO","CV","EMI",2,2
"ITEM576","ESS","CV","EMI",2,2
"ITEM577","BIO","CV","EMI",2,2
"ITEM578","BIO","RS","IOD",2,2
"ITEM579","PHY","RS","SIN",2,2
"ITEM580","PHY","DR","EMI",2,1
"ITEM581","BIO","DR","EMI",2,2
"ITEM582","PHY","RS","IOD",1,1
"ITEM583","BIO","DR","IOD",2,1
"ITEM584","PHY","CV","EMI",3,1
"ITEM585","ESS","RS","SIN",2,2
"ITEM586","CHE","DR","IOD",1,1
"ITEM587","PHY","CV","EMI",2,1
"ITEM588","PHY","DR","IOD",2,2
"ITEM589","BIO","RS","IOD",2,2
"ITEM590","BIO","DR","SIN",2,2
"ITEM591","BIO","DR","IOD",1,2
"ITEM592","CHE","RS","EMI",2,2
"ITEM593","ESS","DR","EMI",3,2
"ITEM594","ESS","DR","IOD",2,1
"ITEM595","PHY","RS","IOD",2,2
"ITEM596","PHY","DR","IOD",2,2
"ITEM597","CHE","RS","EMI",2,1
"ITEM598","ESS","DR","IOD",2,1
"ITEM599","CHE","DR","EMI",3,2
"ITEM600","PHY","DR","IOD",2,1
"ITEM601","CHE","DR","EMI",3,2
"ITEM602","ESS","RS","EMI",2,2
"ITEM603","CHE","DR","IOD",2,2
"ITEM604","BIO","RS","IOD",2,1
"ITEM605","PHY","RS","SIN",2,2
"ITEM606","CHE","RS","SIN",2,1
"ITEM607","CHE","DR","EMI",2,2
"ITEM608","PHY","CV","EMI",2,2
"ITEM609","PHY","CV","EMI",2,1
"ITEM610","CHE","DR","EMI",2,2
"ITEM611","BIO","DR","EMI",2,2
"ITEM612","CHE","CV","EMI",1,1
"ITEM613","BIO","DR","IOD",2,1
"ITEM614","CHE","RS","SIN",2,1
"ITEM615","PHY","RS","IOD",2,1
"ITEM616","CHE","DR","IOD",2,2
"ITEM617","BIO","CV","EMI",2,1
"ITEM618","BIO","RS","IOD",3,1
"ITEM619","PHY","DR","IOD",2,2
"ITEM620","ESS","RS","SIN",1,1
"ITEM621","BIO","DR","IOD",2,2
"ITEM622","ESS","RS","IOD",2,2
"ITEM623","BIO","CV","EMI",1,1
"ITEM624","BIO","RS","EMI",2,1
"ITEM625","CHE","RS","IOD",2,2
"ITEM626","CHE","RS","SIN",3,2
"ITEM627","CHE","CV","SIN",2,1
"ITEM628","CHE","RS","SIN",1,2
"ITEM629","BIO","RS","IOD",2,2
"ITEM630","ESS","RS","SIN",2,1
"ITEM631","CHE","CV","EMI",2,2
"ITEM632","CHE","DR","IOD",2,2
"ITEM633","PHY","CV","EMI",2,2
"ITEM634","BIO","DR","IOD",2,1
"ITEM635","BIO","DR","IOD",2,1
"ITEM636","BIO","CV","EMI",2,1
"ITEM637","BIO","CV","EMI",2,1
"ITEM638","ESS","RS","IOD",1,2
"ITEM639","ESS","RS","EMI",2,2
"ITEM640","CHE","DR","EMI",3,2
"ITEM641","BIO","DR","IOD",2,2
"ITEM642","PHY","DR","IOD",2,2
"ITEM643","PHY","RS","SIN",2,1
"ITEM644","BIO","RS","EMI",2,2
"ITEM645","PHY","RS","IOD",1,2
"ITEM646","BIO","RS","EMI",3,1
"ITEM647","PHY","DR","IOD",1,1
"ITEM648","ESS","CV","EMI",2,1
"ITEM649","CHE","CV","EMI",2,2
"ITEM650","CHE","CV","SIN",2,1
"ITEM651","ESS","CV","EMI",3,2
"ITEM652","PHY","RS","SIN",2,1
"ITEM653","BIO","CV","EMI",2,2
"ITEM654","PHY","RS","SIN",2,1
"ITEM655","BIO","DR","IOD",2,2
"ITEM656","ESS","CV","EMI",2,1
"ITEM657","ESS","CV","EMI",2,2
"ITEM658","ESS","CV","EMI",2,2
"ITEM659","PHY","DR","EMI",3,1
"ITEM660","BIO","RS","SIN",2,1
"ITEM661","ESS","RS","EMI",2,2
"ITEM662","BIO","CV","EMI",3,1
"ITEM663","ESS","DR","EMI",2,1
"ITEM664","BIO","RS","SIN",2,2
"ITEM665","BIO","DR","IOD",2,1
"ITEM666","BIO","RS","IOD",2,2
"ITEM667","CHE","DR","EMI",2,1
"ITEM668","CHE","RS","IOD",2,2
"ITEM669","ESS","RS","EMI",2,1
"ITEM670","BIO","CV","EMI",2,1
"ITEM671","CHE","RS","SIN",2,1
"ITEM672","PHY","RS","SIN",2,1
"ITEM673","PHY","RS","SIN",2,2
"ITEM674","BIO","RS","IOD",2,2
"ITEM675","PHY","CV","EMI",2,1
"ITEM676","BIO","DR","EMI",2,2
"ITEM677","PHY","CV","EMI",2,2
"ITEM678","BIO","RS","IOD",2,1
"ITEM679","PHY","RS","EMI",2,2
"ITEM680","PHY","RS","IOD",3,1
"ITEM681","BIO","RS","EMI",2,1
"ITEM682","ESS","RS","SIN",2,1
"ITEM683","CHE","RS","SIN",3,2
"ITEM684","BIO","CV","EMI",2,2
"ITEM685","ESS","DR","IOD",2,1
"ITEM686","CHE","RS","SIN",3,2
"ITEM687","PHY","DR","IOD",2,1
"ITEM688","CHE","RS","SIN",2,2
"ITEM689","PHY","RS","EMI",2,1
"ITEM690","ESS","RS","IOD",2,1
"ITEM691","CHE","RS","IOD",1,1
"ITEM692","ESS","DR","IOD",3,1
"ITEM693","CHE","CV","EMI",2,1
"ITEM694","BIO","RS","IOD",2,2
"ITEM695","CHE","RS","SIN",2,1
"ITEM696","CHE","DR","IOD",2,1
"ITEM697","ESS","DR","EMI",2,1
"ITEM698","PHY","RS","SIN",2,1
"ITEM699","BIO","RS","SIN",2,1
"ITEM700","ESS","DR","EMI",3,1
"ITEM701","ESS","RS","SIN",2,2
"ITEM702","BIO","DR","IOD",2,1
"ITEM703","ESS","DR","IOD",2,2
"ITEM704","BIO","DR","IOD",1,2
"ITEM705","BIO","DR","IOD",2,2
"ITEM706","PHY","RS","IOD",2,1
"ITEM707","BIO","DR","SIN",3,1
"ITEM708","BIO","CV","EMI",1,2
"ITEM709","ESS","RS","SIN",1,1
"ITEM710","PHY","CV","IOD",2,2
"ITEM711","CHE","DR","EMI",2,2
"ITEM712","CHE","DR","IOD",2,2
"ITEM713","ESS","DR","IOD",2,1
"ITEM714","PHY","RS","IOD",2,1
"ITEM715","PHY","RS","IOD",2,1
"ITEM716","PHY","RS","SIN",2,1
"ITEM717","ESS","RS","IOD",2,1
"ITEM718","CHE","RS","IOD",2,1
"ITEM719","ESS","RS","SIN",2,1
"ITEM720","ESS","RS","IOD",2,1
"ITEM721","BIO","CV","EMI",2,1
"ITEM722","ESS","RS","SIN",2,2
"ITEM723","BIO","DR","SIN",3,2
"ITEM724","ESS","RS","SIN",2,1
"ITEM725","ESS","DR","IOD",2,2
"ITEM726","BIO","DR","IOD",2,1
"ITEM727","BIO","CV","EMI",2,2
"ITEM728","ESS","RS","SIN",2,2
"ITEM729","CHE","DR","IOD",2,2
"ITEM730","ESS","CV","EMI",2,2
"ITEM731","BIO","DR","IOD",3,1
"ITEM732","PHY","DR","IOD",2,2
"ITEM733","PHY","RS","IOD",2,1
"ITEM734","CHE","RS","EMI",2,1
"ITEM735","ESS","DR","IOD",2,1
"ITEM736","CHE","RS","IOD",2,2
"ITEM737","PHY","CV","EMI",2,2
"ITEM738","ESS","CV","EMI",3,1
"ITEM739","CHE","RS","IOD",2,1
"ITEM740","CHE","CV","IOD",2,1
"ITEM741","BIO","RS","SIN",1,1
"ITEM742","PHY","RS","IOD",2,1
"ITEM743","ESS","CV","EMI",2,2
"ITEM744","CHE","DR","IOD",3,1
"ITEM745","PHY","DR","EMI",3,2
"ITEM746","PHY","CV","EMI",2,2
"ITEM747","ESS","DR","IOD",2,2
"ITEM748","CHE","RS","SIN",2,1
"ITEM749","PHY","CV","EMI",2,2
"ITEM750","PHY","DR","SIN",2,1
"ITEM751","ESS","RS","IOD",1,2
"ITEM752","BIO","DR","IOD",2,1
"ITEM753","ESS","RS","IOD",2,2
"ITEM754","CHE","RS","SIN",3,2
"ITEM755","CHE","DR","IOD",2,2
"ITEM756","BIO","DR","SIN",2,2
"ITEM757","ESS","RS","SIN",2,1
"ITEM758","CHE","CV","IOD",2,2
"ITEM759","CHE","RS","SIN",2,2
"ITEM760","ESS","DR","IOD",2,2
"ITEM761","ESS","RS","SIN",2,2
"ITEM762","BIO","CV","EMI",2,1
"ITEM763","CHE","RS","SIN",3,2
"ITEM764","BIO","CV","EMI",3,2
"ITEM765","ESS","RS","IOD",2,1
"ITEM766","PHY","CV","EMI",2,2
"ITEM767","BIO","DR","SIN",2,1
"ITEM768","ESS","RS","IOD",2,2
"ITEM769","ESS","RS","SIN",2,1
"ITEM770","PHY","RS","IOD",2,1
"ITEM771","BIO","RS","SIN",2,2
"ITEM772","BIO","RS","EMI",2,2
"ITEM773","PHY","CV","EMI",2,2
"ITEM774","BIO","DR","IOD",1,2
"ITEM775","PHY","CV","EMI",2,2
"ITEM776","CHE","DR","IOD",2,1
"ITEM777","ESS","DR","IOD",2,1
"ITEM778","ESS","DR","IOD",2,2
"ITEM779","PHY","RS","SIN",3,2
"ITEM780","CHE","DR","EMI",3,1
"ITEM781","PHY","DR","IOD",2,2
"ITEM782","ESS","RS","EMI",2,1
"ITEM783","ESS","DR","IOD",2,1
"ITEM784","PHY","RS","IOD",2,1
"ITEM785","PHY","RS","EMI",3,1
"ITEM786","PHY","RS","SIN",3,1
"ITEM787","PHY","DR","IOD",2,1
"ITEM788","BIO","DR","IOD",2,1
"ITEM789","CHE","CV","EMI",2,1
"ITEM790","BIO","CV","EMI",1,2
"ITEM791","PHY","CV","EMI",2,1
"ITEM792","ESS","RS","IOD",3,2
"ITEM793","ESS","RS","SIN",2,1
"ITEM794","PHY","DR","IOD",2,1
"ITEM795","BIO","CV","EMI",2,2
"ITEM796","BIO","RS","EMI",2,1
"ITEM797","ESS","DR","EMI",2,2
"ITEM798","ESS","RS","IOD",2,1
"ITEM799","BIO","CV","EMI",2,1
"ITEM800","BIO","RS","IOD",2,2
"ITEM801","PHY","CV","EMI",2,1
"ITEM802","ESS","RS","EMI",2,2
"ITEM803","ESS","DR","IOD",3,1
"ITEM804","ESS","DR","IOD",2,1
"ITEM805","CHE","RS","SIN",2,2
"ITEM806","PHY","RS","IOD",3,2
"ITEM807","ESS","DR","IOD",2,1
"ITEM808","BIO","DR","SIN",2,1
"ITEM809","ESS","DR","IOD",2,1
"ITEM810","BIO","RS","SIN",2,1
"ITEM811","BIO","RS","SIN",2,1
"ITEM812","CHE","RS","SIN",2,2
"ITEM813","ESS","RS","EMI",2,2
"ITEM814","PHY","DR","IOD",2,1
"ITEM815","BIO","CV","EMI",2,1
"ITEM816","ESS","DR","IOD",2,2
"ITEM817","ESS","DR","IOD",2,1
"ITEM818","PHY","DR","IOD",2,1
"ITEM819","BIO","RS","EMI",3,1
"ITEM820","ESS","DR","IOD",2,1
"ITEM821","PHY","DR","IOD",2,1
"ITEM822","BIO","DR","IOD",2,1
"ITEM823","ESS","CV","EMI",1,1
"ITEM824","BIO","RS","IOD",1,1
"ITEM825","BIO","RS","SIN",2,1
"ITEM826","CHE","RS","IOD",2,2
"ITEM827","CHE","DR","IOD",3,1
"ITEM828","ESS","RS","SIN",2,2
"ITEM829","CHE","RS","IOD",2,2
"ITEM830","PHY","RS","SIN",2,1
"ITEM831","BIO","DR","EMI",2,1
"ITEM832","CHE","CV","EMI",2,2
"ITEM833","ESS","CV","EMI",2,2
"ITEM834","PHY","RS","SIN",2,2
"ITEM835","PHY","RS","SIN",2,1
"ITEM836","BIO","RS","IOD",2,1
"ITEM837","PHY","RS","EMI",2,1
"ITEM838","ESS","RS","IOD",2,1
"ITEM839","PHY","DR","IOD",2,1
"ITEM840","PHY","DR","EMI",2,1
"ITEM841","ESS","RS","EMI",2,2
"ITEM842","PHY","RS","IOD",2,2
"ITEM843","ESS","RS","SIN",2,2
"ITEM844","CHE","DR","EMI",2,1
"ITEM845","CHE","DR","IOD",2,1
"ITEM846","ESS","CV","EMI",3,1
"ITEM847","ESS","RS","IOD",1,2
"ITEM848","ESS","RS","IOD",2,2
"ITEM849","BIO","CV","EMI",3,1
"ITEM850","PHY","RS","IOD",2,1
"ITEM851","PHY","DR","IOD",2,1
"ITEM852","ESS","RS","IOD",2,1
"ITEM853","ESS","CV","EMI",2,2
"ITEM854","BIO","RS","EMI",2,2
"ITEM855","BIO","RS","SIN",2,2
"ITEM856","PHY","RS","IOD",2,1
"ITEM857","CHE","RS","SIN",2,2
"ITEM858","PHY","RS","SIN",2,2
"ITEM859","BIO","DR","IOD",3,2
"ITEM860","PHY","CV","EMI",2,2
"ITEM861","CHE","RS","EMI",2,1
"ITEM862","ESS","RS","IOD",2,1
"ITEM863","PHY","RS","SIN",2,1
"ITEM864","CHE","RS","IOD",3,2
"ITEM865","BIO","RS","SIN",2,1
"ITEM866","ESS","DR","IOD",2,1
"ITEM867","PHY","RS","SIN",2,1
"ITEM868","PHY","DR","SIN",2,2
"ITEM869","ESS","RS","EMI",2,1
"ITEM870","CHE","DR","IOD",2,1
"ITEM871","CHE","RS","SIN",3,1
"ITEM872","PHY","RS","SIN",2,2
"ITEM873","CHE","DR","EMI",1,1
"ITEM874","CHE","DR","IOD",2,2
"ITEM875","PHY","DR","SIN",2,2
"ITEM876","CHE","DR","IOD",2,1
"ITEM877","PHY","RS","SIN",2,2
"ITEM878","ESS","DR","IOD",2,1
"ITEM879","BIO","RS","SIN",2,1
"ITEM880","CHE","CV","IOD",2,2
"ITEM881","PHY","RS","EMI",2,1
"ITEM882","PHY","CV","EMI",3,1
"ITEM883","BIO","DR","IOD",2,1
"ITEM884","PHY","CV","EMI",1,1
"ITEM885","CHE","DR","IOD",3,2
"ITEM886","BIO","RS","IOD",2,2
"ITEM887","PHY","RS","IOD",2,2
"ITEM888","ESS","DR","IOD",2,1
"ITEM889","BIO","DR","EMI",2,1
"ITEM890","PHY","RS","SIN",2,1
"ITEM891","CHE","DR","IOD",2,1
"ITEM892","PHY","RS","SIN",2,1
"ITEM893","ESS","RS","EMI",2,2
"ITEM894","CHE","CV","EMI",2,1
"ITEM895","CHE","DR","IOD",2,2
"ITEM896","ESS","RS","SIN",2,2
"ITEM897","ESS","DR","IOD",2,2
"ITEM898","BIO","CV","EMI",2,2
"ITEM899","BIO","RS","EMI",2,1
"ITEM900","ESS","CV","EMI",3,2
